Policy,Score,URL
automated mechanisms supporting notification and approval of nonlocal maintenance,0.048941799472150334,https://docs.aws.amazon.com/securityhub/latest/userguide/securityhub-cloudwatch-events.html
automated mechanisms supporting notification and approval of nonlocal maintenance,0.025289827122375298,https://docs.aws.amazon.com/securityhub/latest/userguide/securityhub-standards-fsbp-controls.html
automated mechanisms supporting notification and approval of nonlocal maintenance,0.02462261903340566,https://docs.aws.amazon.com/securityhub/latest/userguide/securityhub-standards-cis-checks-not-supported.html
automated mechanisms supporting notification and approval of nonlocal maintenance,0.01313107699136112,https://docs.aws.amazon.com/securityhub/latest/userguide/securityhub-cis-controls.html
automated mechanisms supporting notification and approval of nonlocal maintenance,0.012554741433102855,https://docs.aws.amazon.com/securityhub/latest/userguide/securityhub-standards.html
automated mechanisms supporting notification and approval of nonlocal maintenance,0.010520339315606048,https://docs.aws.amazon.com/securityhub/latest/userguide/securityhub-benefits.html
automated mechanisms supporting notification and approval of nonlocal maintenance,0.010316883405402924,https://docs.aws.amazon.com/securityhub/latest/userguide/finding-send-to-custom-action.html
automated mechanisms supporting notification and approval of nonlocal maintenance,0.007851052074575236,https://docs.aws.amazon.com/securityhub/latest/userguide/securityhub-get-started.html
automated mechanisms supporting notification and approval of nonlocal maintenance,0.006137741861317253,https://docs.aws.amazon.com/securityhub/latest/userguide/securityhub-findings-format-attributes.html
automated mechanisms supporting notification and approval of nonlocal maintenance,0.005972322371178722,https://docs.aws.amazon.com/securityhub/latest/userguide/securityhub-standards-pcidss.html
automated mechanisms supporting notification and approval of nonlocal maintenance,0.0057889376278022564,https://docs.aws.amazon.com/securityhub/latest/userguide/securityhub-partner-providers.html
automated mechanisms supporting notification and approval of nonlocal maintenance,0.005258353562111983,https://docs.aws.amazon.com/securityhub/latest/userguide/securityhub-pci-controls.html
automated mechanisms supporting notification and approval of nonlocal maintenance,0.004067945616100584,https://docs.aws.amazon.com/securityhub/latest/userguide/securityhub-cwe-integration-types.html
automated mechanisms supporting notification and approval of nonlocal maintenance,0.0036915032279741904,https://docs.aws.amazon.com/securityhub/latest/userguide/securityhub-insights-view-take-action.html
automated mechanisms supporting notification and approval of nonlocal maintenance,0.003329714815405135,https://docs.aws.amazon.com/securityhub/latest/userguide/finding-update-batchimportfindings.html
automated mechanisms supporting notification and approval of nonlocal maintenance,0.0028437076963846878,https://docs.aws.amazon.com/securityhub/latest/userguide/finding-update-batchupdatefindings.html
automated mechanisms supporting notification and approval of nonlocal maintenance,1.4002768798898682e-05,https://docs.aws.amazon.com/securityhub/latest/userguide/securityhub.pdf
automated mechanisms supporting notification and approval of nonlocal maintenance,0.0,https://docs.aws.amazon.com/securityhub/latest/userguide/
automated mechanisms supporting notification and approval of nonlocal maintenance,0.0,https://docs.aws.amazon.com/securityhub/latest/userguide/what-is-securityhub.html
automated mechanisms supporting notification and approval of nonlocal maintenance,0.0,https://docs.aws.amazon.com/securityhub/latest/userguide/securityhub-free-trial.html
automated mechanisms supporting notification and approval of nonlocal maintenance,0.0,https://docs.aws.amazon.com/securityhub/latest/userguide/securityhub-findings-providers.html
automated mechanisms supporting notification and approval of nonlocal maintenance,0.0,https://docs.aws.amazon.com/securityhub/latest/userguide/securityhub-findings-viewing.html
automated mechanisms supporting notification and approval of nonlocal maintenance,0.0,https://docs.aws.amazon.com/securityhub/latest/userguide/securityhub-findings-taking-action.html
automated mechanisms supporting notification and approval of nonlocal maintenance,0.0,https://docs.aws.amazon.com/securityhub/latest/userguide/securityhub-insights.html
automated mechanisms supporting notification and approval of nonlocal maintenance,0.0,https://docs.aws.amazon.com/securityhub/latest/userguide/securityhub-integrations-managing.html
automated mechanisms supporting notification and approval of nonlocal maintenance,0.0,https://docs.aws.amazon.com/securityhub/latest/userguide/securityhub-internal-providers.html
automated mechanisms supporting notification and approval of nonlocal maintenance,0.0,https://docs.aws.amazon.com/securityhub/latest/userguide/securityhub-custom-providers.html
automated mechanisms supporting notification and approval of nonlocal maintenance,0.0,https://docs.aws.amazon.com/securityhub/latest/userguide/securityhub-standards-cis.html
automated mechanisms supporting notification and approval of nonlocal maintenance,0.0,https://docs.aws.amazon.com/securityhub/latest/userguide/securityhub-standards-fsbp.html
automated mechanisms supporting notification and approval of nonlocal maintenance,0.0,https://docs.aws.amazon.com/securityhub/latest/userguide/securityhub-controls-finding-generation.html
automated mechanisms supporting notification and approval of nonlocal maintenance,0.0,https://docs.aws.amazon.com/securityhub/latest/userguide/standards-view-manage.html
automated mechanisms supporting notification and approval of nonlocal maintenance,0.0,https://docs.aws.amazon.com/securityhub/latest/userguide/controls-view-manage.html
automated mechanisms supporting notification and approval of nonlocal maintenance,0.0,https://docs.aws.amazon.com/securityhub/latest/userguide/standards-available.html
automated mechanisms supporting notification and approval of nonlocal maintenance,0.0,https://docs.aws.amazon.com/securityhub/latest/userguide/securityhub-control-manage-findings.html
automated mechanisms supporting notification and approval of nonlocal maintenance,0.0,https://docs.aws.amazon.com/securityhub/latest/userguide/findings-filtering-grouping.html
automated mechanisms supporting notification and approval of nonlocal maintenance,0.0,https://docs.aws.amazon.com/securityhub/latest/userguide/finding-view-details.html
automated mechanisms supporting notification and approval of nonlocal maintenance,0.0,https://docs.aws.amazon.com/securityhub/latest/userguide/finding-retrieve-api-cli.html
automated mechanisms supporting notification and approval of nonlocal maintenance,0.0,https://docs.aws.amazon.com/securityhub/latest/userguide/finding-workflow-status.html
automated mechanisms supporting notification and approval of nonlocal maintenance,0.0,https://docs.aws.amazon.com/securityhub/latest/userguide/securityhub-managed-insights.html
automated mechanisms supporting notification and approval of nonlocal maintenance,0.0,https://docs.aws.amazon.com/securityhub/latest/userguide/securityhub-custom-insights.html
automated mechanisms supporting notification and approval of nonlocal maintenance,0.0,https://docs.aws.amazon.com/securityhub/latest/userguide/securityhub-regions.html
automated mechanisms supporting notification and approval of nonlocal maintenance,0.0,https://docs.aws.amazon.com/securityhub/latest/userguide/securityhub-findings-format.html
automated mechanisms supporting notification and approval of nonlocal maintenance,0.0,https://docs.aws.amazon.com/securityhub/latest/userguide/securityhub-standards-cis-config-resources.html
automated mechanisms supporting notification and approval of nonlocal maintenance,0.0,https://docs.aws.amazon.com/securityhub/latest/userguide/securityhub-standards-cis-to-disable.html
automated mechanisms supporting notification and approval of nonlocal maintenance,0.0,https://docs.aws.amazon.com/securityhub/latest/userguide/securityhub-standards-view-controls.html
automated mechanisms supporting notification and approval of nonlocal maintenance,0.0,https://docs.aws.amazon.com/securityhub/latest/userguide/securityhub-standards-pci-config-resources.html
automated mechanisms supporting notification and approval of nonlocal maintenance,0.0,https://docs.aws.amazon.com/securityhub/latest/userguide/securityhub-standards-pcidss-to-disable.html
automated mechanisms supporting notification and approval of nonlocal maintenance,0.0,https://docs.aws.amazon.com/securityhub/latest/userguide/control-categories.html
automated mechanisms supporting notification and approval of nonlocal maintenance,0.0,https://docs.aws.amazon.com/securityhub/latest/userguide/standards-fsbp-config-resources.html
automated mechanisms supporting notification and approval of nonlocal maintenance,0.0,https://docs.aws.amazon.com/securityhub/latest/userguide/securityhub-standards-fsbp-to-disable.html
automated mechanisms supporting notification and approval of nonlocal maintenance,0.0,https://docs.aws.amazon.com/securityhub/latest/userguide/securityhub-standards-schedule.html
automated mechanisms supporting notification and approval of nonlocal maintenance,0.0,https://docs.aws.amazon.com/securityhub/latest/userguide/securityhub-standards-awsconfigrules.html
automated mechanisms supporting notification and approval of nonlocal maintenance,0.0,https://docs.aws.amazon.com/securityhub/latest/userguide/controls-findings-create-update.html
automated mechanisms supporting notification and approval of nonlocal maintenance,0.0,https://docs.aws.amazon.com/securityhub/latest/userguide/controls-overall-status.html
automated mechanisms supporting notification and approval of nonlocal maintenance,0.0,https://docs.aws.amazon.com/securityhub/latest/userguide/standards-security-score.html
automated mechanisms supporting notification and approval of nonlocal maintenance,0.0,https://docs.aws.amazon.com/securityhub/latest/userguide/securityhub-standards-enable-disable.html
automated mechanisms supporting notification and approval of nonlocal maintenance,0.0,https://docs.aws.amazon.com/securityhub/latest/userguide/securityhub-standards-control-details.html
automated mechanisms supporting notification and approval of nonlocal maintenance,0.0,https://docs.aws.amazon.com/securityhub/latest/userguide/controls-auto-enable.html
automated mechanisms supporting notification and approval of nonlocal maintenance,0.0,https://docs.aws.amazon.com/securityhub/latest/userguide/securityhub-standards-enable-disable-controls.html
automated mechanisms supporting notification and approval of nonlocal maintenance,0.0,https://docs.aws.amazon.com/securityhub/latest/userguide/control-finding-list.html
automated mechanisms supporting notification and approval of nonlocal maintenance,0.0,https://docs.aws.amazon.com/securityhub/latest/userguide/control-finding-resource-details.html
automated mechanisms supporting notification and approval of nonlocal maintenance,0.0,https://docs.aws.amazon.com/securityhub/latest/userguide/control-finding-take-action.html
automated mechanisms supporting notification and approval of nonlocal maintenance,0.0,https://docs.aws.amazon.com/securityhub/latest/userguide/securityhub-findings-format-syntax.html
automated mechanisms supporting notification and approval of nonlocal maintenance,0.0,https://docs.aws.amazon.com/securityhub/latest/userguide/securityhub-findings-format-type-taxonomy.html
automated mechanisms supporting notification and approval of nonlocal maintenance,0.0,https://docs.aws.amazon.com/securityhub/latest/userguide/securityhub-prereq-config.html
automated mechanisms supporting notification and approval of nonlocal maintenance,0.0,https://docs.aws.amazon.com/securityhub/latest/userguide/securityhub-cwe-event-formats.html
automated mechanisms supporting notification and approval of nonlocal maintenance,0.0,https://docs.aws.amazon.com/securityhub/latest/userguide/securityhub-cwe-all-findings.html
automated mechanisms supporting notification and approval of nonlocal maintenance,0.0,https://docs.aws.amazon.com/securityhub/latest/userguide/securityhub-cwe-custom-actions.html
